(1)Proyecto,(2)Cotizacion,(3)Folio,(6)Estado proyecto,(10)Abono pyme,(11)Monto a transferir,(12)Monto facturas(bruto),(13)Monto simulado proyecto,(14)% Pagado pyme,(15)Ultimo Abono Pyme,(16)Estado/pyme,(17)Excedentes,(18)Comportamiento,(19)Días de mora,(20)Pago operacion,(21)Estado pago operacion,(22)Monto factura correcta,(23)Colocado mes,(24)Cliente nuevo,(25)Rut Cedente,(26)Empresa solicitante,(27)Rut empresa deudora,(28)Empresa deudora,(29)Ejecutivo,(30)Grupo,(31)Anticipo,(32)Monto retenido (garantía),(33)Monto a financiar,(34)Gasto legal Comisión RC,(35)Comisión RC,(36)Gasto operación (sin iva),(37)Gasto operacion dealer,(38)IVA,(39)Dias,(40)Tasa interes mensual,(41)Interes,(43)Monto final adelantado,(44)Monto descuento,(45)Monto anticipo,(46)Monto a giro real,(47)Fecha creacion,(48)Fecha prestamo,(49)Fecha estimada pago,(50)Fecha entrega dinero,(51)Linea cedente,(53)Monto historico,(54)Monto pagado,(55)Monto vigente,(56)Es carga masiva,(57)Masivo ID,(58)Comentarios,(59)Última fecha auditoria,(60)Gasto legal Comision RC (sin iva),(61)Warren 1,(62)Warren 2,(63)Estado Gestión Factura,(64)Código Verificación,(65)Tipo de cotización,(66)Provisión CF,(67)Tasa costo fondo
46,55,8,Al día,0,0,3060000,3060000,0,,No Abonado,Pendiente,Al dia,-32,0,No abonado,Si,2026-07,2026-07,78420573-8,TRANSPORTES GIA SPA,76249099-4,BESALCO ENERGIA RENOVABLE S.A.,Viviana San Martín,-,100,0,3060000,2380,0.60,19584,0,3721,29,2.00,65280,2969035,0,0,2969035,7/30/2026,7/30/2026,8/31/2026,7/30/2026,0,3060000,0,3060000,0,0,Sin comentarios,,2000,-,-,Sin gestión,Mail/Teléfono,Factoring,0.03,1.97
45,50,504,Al día,0,0,6788653,6788653,0,,No Abonado,Pendiente,Al dia,-36,0,No abonado,Si,2026-07,2026-06,76278822-5,CONSTRUCCIONES ACUNA Y COMPANIA LIMITADA,89853600-9,CONSTRUCTORA INGEVEC S.A.,Viviana San Martín,-,100,0,6788653,2380,0.17,14618,0,2777,84,2.00,171979,671662,0,5925236,671662,7/30/2026,7/28/2026,9/4/2026,7/28/2026,0,6788653,0,6788653,0,0,Sin comentarios,,2000,-,-,Sin gestión,Mail/Teléfono,Factoring,0.03,1.97
44,34,2243,Al día,0,0,5612014,5612014,0,,No Abonado,Pendiente,Al dia,-43,0,No abonado,Si,2026-07,2026-07,76454923-6,AVATTAR CONSULTORA SPA,96805970-K,EVERTEC CHILE SPA,Viviana San Martín,-,99,56120,5555894,294,0.07,6871,0,1305,53,2.00,196308,420918,0,4930197,420918,7/29/2026,7/20/2026,9/11/2026,7/20/2026,0,5612014,0,5612014,0,0,Sin comentarios,,247,-,-,Sin gestión,Factura con + de 8 dias.,Factoring,0.03,1.97
43,34,2244,Al día,0,0,5612014,5612014,0,,No Abonado,Pendiente,Al dia,-43,0,No abonado,Si,2026-07,2026-07,76454923-6,AVATTAR CONSULTORA SPA,96805970-K,EVERTEC CHILE SPA,Viviana San Martín,-,99,56120,5555894,298,0.07,6871,0,1305,53,2.00,196308,420920,0,4930191,420920,7/29/2026,7/20/2026,9/11/2026,7/20/2026,0,5612014,0,5612014,0,0,Sin comentarios,,250,-,-,Sin gestión,Factura con + de 8 dias.,Factoring,0.03,1.97
42,34,2245,Al día,0,0,5612014,5612014,0,,No Abonado,Pendiente,Al dia,-43,0,No abonado,Si,2026-07,2026-07,76454923-6,AVATTAR CONSULTORA SPA,96805970-K,EVERTEC CHILE SPA,Viviana San Martín,-,99,56120,5555894,298,0.07,6871,0,1305,53,2.00,196308,420920,0,4930191,420920,7/29/2026,7/20/2026,9/11/2026,7/20/2026,0,5612014,0,5612014,0,0,Sin comentarios,,250,-,-,Sin gestión,Factura con + de 8 dias.,Factoring,0.03,1.97
41,34,2246,Al día,0,0,5612014,5612014,0,,No Abonado,Pendiente,Al dia,-43,0,No abonado,Si,2026-07,2026-07,76454923-6,AVATTAR CONSULTORA SPA,96805970-K,EVERTEC CHILE SPA,Viviana San Martín,-,99,56120,5555894,298,0.07,6871,0,1305,53,2.00,196308,420920,0,4930191,420920,7/29/2026,7/20/2026,9/11/2026,7/20/2026,0,5612014,0,5612014,0,0,Sin comentarios,,250,-,-,Sin gestión,Factura con + de 8 dias.,Factoring,0.03,1.97
40,34,2247,Al día,0,0,5612014,5612014,0,,No Abonado,Pendiente,Al dia,-43,0,No abonado,Si,2026-07,2026-07,76454923-6,AVATTAR CONSULTORA SPA,96805970-K,EVERTEC CHILE SPA,Viviana San Martín,-,99,56120,5555894,298,0.07,6871,0,1305,53,2.00,196308,420920,0,4930191,420920,7/29/2026,7/20/2026,9/11/2026,7/20/2026,0,5612014,0,5612014,0,0,Sin comentarios,,250,-,-,Sin gestión,Factura con + de 8 dias.,Factoring,0.03,1.97
39,34,2248,Al día,0,0,5612014,5612014,0,,No Abonado,Pendiente,Al dia,-43,0,No abonado,Si,2026-07,2026-07,76454923-6,AVATTAR CONSULTORA SPA,96805970-K,EVERTEC CHILE SPA,Viviana San Martín,-,99,56120,5555894,298,0.07,6871,0,1305,53,2.00,196308,420920,0,4930191,420920,7/29/2026,7/20/2026,9/11/2026,7/20/2026,0,5612014,0,5612014,0,0,Sin comentarios,,250,-,-,Sin gestión,Factura con + de 8 dias.,Factoring,0.03,1.97
38,34,2249,Al día,0,0,5929846,5929846,0,,No Abonado,Pendiente,Al dia,-43,0,No abonado,Si,2026-07,2026-07,76454923-6,AVATTAR CONSULTORA SPA,96805970-K,EVERTEC CHILE SPA,Viviana San Martín,-,99,59298,5870548,298,0.07,7260,0,1379,53,2.00,207426,444760,0,5209424,444760,7/29/2026,7/20/2026,9/11/2026,7/20/2026,0,5929846,0,5929846,0,0,Sin comentarios,,250,-,-,Sin gestión,Factura con + de 8 dias.,Factoring,0.03,1.97
37,34,2250,Al día,0,0,5929846,5929846,0,,No Abonado,Pendiente,Al dia,-43,0,No abonado,Si,2026-07,2026-07,76454923-6,AVATTAR CONSULTORA SPA,96805970-K,EVERTEC CHILE SPA,Viviana San Martín,-,99,59298,5870548,298,0.07,7260,0,1379,53,2.00,207426,444760,0,5209424,444760,7/29/2026,7/20/2026,9/11/2026,7/20/2026,0,5929846,0,5929846,0,0,Sin comentarios,,250,-,-,Sin gestión,Factura con + de 8 dias.,Factoring,0.03,1.97
36,52,1234,Al día,0,0,333200,333200,0,,No Abonado,Pendiente,Al dia,-29,0,No abonado,Si,2026-07,2026-06,77793363-9,RED LAGOS SPA,61975100-0,HOSPITAL PUERTO MONTT SERVICIO DE SALUD DEL RELONCAVI,Viviana San Martín,-,95,16660,316540,1190,1.50,4906,0,932,31,2.10,6869,302643,0,0,302643,7/28/2026,7/28/2026,8/28/2026,7/28/2026,0,333200,0,333200,0,0,Sin comentarios,,1000,-,-,Sin gestión,Mail/Teléfono,Factoring,0.03,2.07
35,52,1233,Al día,0,0,891310,891310,0,,No Abonado,Pendiente,Al dia,-29,0,No abonado,Si,2026-07,2026-06,77793363-9,RED LAGOS SPA,61975100-0,HOSPITAL PUERTO MONTT SERVICIO DE SALUD DEL RELONCAVI,Viviana San Martín,-,95,44566,846745,1190,1.50,13125,0,2494,31,2.10,18374,811561,0,0,811561,7/28/2026,7/28/2026,8/28/2026,7/28/2026,0,891310,0,891310,0,0,Sin comentarios,,1000,-,-,Sin gestión,Mail/Teléfono,Factoring,0.03,2.07
34,49,36,Al día,0,0,393294,393294,0,,No Abonado,Pendiente,Al dia,-25,0,No abonado,Si,2026-07,2026-06,78093492-1,VICAT INVERSIÓN & DESARROLLO SPA,93737000-8,GTD MANQUEHUE S.A.,Viviana San Martín,-,100,0,393294,2380,2.35,8318,0,1580,31,2.30,8141,372875,0,0,372875,7/28/2026,7/28/2026,8/24/2026,7/28/2026,0,393294,0,393294,0,0,Sin comentarios,,2000,-,-,Viva Reconocida - ELIMINADO,Verificación Posterior,Factoring,0.03,2.27
33,45,7,Al día,0,0,3060000,3060000,0,,No Abonado,Pendiente,Al dia,-25,0,No abonado,Si,2026-07,2026-07,78420573-8,TRANSPORTES GIA SPA,76249099-4,BESALCO ENERGIA RENOVABLE S.A.,Viviana San Martín,-,100,0,3060000,2380,0.67,21185,0,4025,28,2.00,63240,2969170,0,0,2969170,7/28/2026,7/24/2026,8/24/2026,7/24/2026,0,3060000,0,3060000,0,0,Sin comentarios,,2000,-,-,Factura con fecha de pago,Verificación Posterior,Factoring,0.03,1.97
31,38,2789,Al día,0,0,1613372,1613372,0,,No Abonado,Pendiente,Al dia,-22,0,No abonado,Si,2026-07,2026-07,76895720-7,AGRIC Y COMERCIALIZADORA MEDITERRANEA LTDA,76581775-7,MACASE SPA,Viviana San Martín,-,100,0,1613372,61267,1.50,25814,0,4905,32,2.00,34419,1486968,0,0,1486968,7/22/2026,7/22/2026,8/21/2026,7/20/2026,0,1613372,0,1613372,0,0,Sin comentarios,,51485,-,-,Viva Reconocida - ELIMINADO,Factura con + de 8 dias.,Factoring,0.03,1.97
30,41,503,Al día,0,0,2681546,2681546,0,,No Abonado,Pendiente,Al dia,-32,0,No abonado,Si,2026-07,2026-06,76278822-5,CONSTRUCCIONES ACUNA Y COMPANIA LIMITADA,89853600-9,CONSTRUCTORA INGEVEC S.A.,Viviana San Martín,-,100,0,2681546,2380,0.75,26815,0,5095,40,2.00,71508,2575748,0,0,2575748,7/22/2026,7/22/2026,8/31/2026,7/22/2026,0,2681546,0,2681546,0,0,Sin comentarios,,2000,-,-,Viva Reconocida - ELIMINADO,Factura con + de 8 dias.,Factoring,0.03,1.97
29,40,200,Al día,0,0,20616750,20616750,0,,No Abonado,Pendiente,Al dia,-35,0,No abonado,Si,2026-07,2026-07,76977272-3,SERVICIOS GENERALES JAS LIMITADA,96822190-6,VINA SAN RAFAEL S A,Carmen Serrano,-,95,1030838,19585913,2380,0.25,71815,0,13645,44,1.90,545794,18952279,0,0,18952279,7/21/2026,7/21/2026,9/3/2026,7/21/2026,0,20616750,0,20616750,0,0,Sin comentarios,,2000,-,-,Sin gestión,Factura con + de 8 dias.,Factoring,0.03,1.87
28,37,199,Al día,0,0,25073300,25073300,0,,No Abonado,Pendiente,Al dia,-35,0,No abonado,Si,2026-07,2026-07,76977272-3,SERVICIOS GENERALES JAS LIMITADA,96822190-6,VINA SAN RAFAEL S A,Carmen Serrano,-,95,1253665,23819635,35700,0.19,67886,0,12898,45,1.90,678860,23024291,0,0,23024291,7/21/2026,7/21/2026,9/3/2026,7/20/2026,0,25073300,0,25073300,0,0,Sin comentarios,,30000,-,-,Sin gestión,Factura con + de 8 dias.,Factoring,0.03,1.87
27,36,2206,Al día,0,0,928200,928200,0,,No Abonado,Pendiente,Al dia,-32,0,No abonado,Si,2026-07,2026-06,76320439-1,IMPORTADORA Y EXPORTADORA NIKS LTDA.,99567620-6,TERMINAL PUERTO ARICA S.A.,Viviana San Martín,-,100,0,928200,0,0.80,10396,0,1975,42,1.70,22091,893738,0,0,893738,7/20/2026,7/20/2026,8/31/2026,7/20/2026,0,928200,0,928200,0,0,Sin comentarios,,0,-,-,Viva Reconocida - ELIMINADO,Factura con + de 8 dias.,Factoring,0.03,1.67
26,36,2203,Al día,0,0,416500,416500,0,,No Abonado,Pendiente,Al dia,-32,0,No abonado,Si,2026-07,2026-06,76320439-1,IMPORTADORA Y EXPORTADORA NIKS LTDA.,99567620-6,TERMINAL PUERTO ARICA S.A.,Viviana San Martín,-,100,0,416500,0,0.80,4665,0,886,42,1.70,9913,401036,0,0,401036,7/20/2026,7/20/2026,8/31/2026,7/20/2026,0,416500,0,416500,0,0,Sin comentarios,,0,-,-,Viva Reconocida - ELIMINADO,Verificación Posterior,Factoring,0.03,1.67
25,36,2204,Al día,0,0,761600,761600,0,,No Abonado,Pendiente,Al dia,-32,0,No abonado,Si,2026-07,2026-06,76320439-1,IMPORTADORA Y EXPORTADORA NIKS LTDA.,99567620-6,TERMINAL PUERTO ARICA S.A.,Viviana San Martín,-,100,0,761600,0,0.80,8530,0,1621,42,1.70,18126,733323,0,0,733323,7/20/2026,7/20/2026,8/31/2026,7/20/2026,0,761600,0,761600,0,0,Sin comentarios,,0,-,-,Viva Reconocida - ELIMINADO,Verificación Posterior,Factoring,0.03,1.67
24,32,115,Al día,0,0,3281836,3281836,0,,No Abonado,Pendiente,Al dia,-29,0,No abonado,Si,2026-07,2026-07,77779696-8,IMPERMEABILIZACIONES Y OBRAS MENORES SPA,76318710-1,G Y O INGENIERIA LIMITADA,Viviana San Martín,-,95,164092,3117744,61267,0.80,34919,0,6635,42,2.00,87297,2927627,0,0,2927627,7/17/2026,7/17/2026,8/28/2026,7/17/2026,0,3281836,0,3281836,0,0,Sin comentarios,,51485,-,-,Sin gestión,Factura con + de 8 dias.,Factoring,0.03,1.97
23,30,502,Al día,0,0,3538465,3538465,0,,No Abonado,Pendiente,Al dia,-15,0,No abonado,Si,2026-07,2026-06,76278822-5,CONSTRUCCIONES ACUNA Y COMPANIA LIMITADA,76832960-5,INMOBILIARIA Y CONSTRUCTORA TERRATEC LIMITADA,Viviana San Martín,-,100,0,3538465,1785,1.09,35998,0,6840,28,2.00,66051,3427791,0,0,3427791,7/17/2026,7/17/2026,8/14/2026,7/17/2026,0,3538465,0,3538465,0,0,Sin comentarios,,1500,-,-,Viva Reconocida - ELIMINADO,Factura con + de 8 dias.,Factoring,0.03,1.97
22,11,2231,Al día,0,0,10781038,10781038,0,,No Abonado,Pendiente,Al dia,-26,0,No abonado,Si,2026-07,2026-07,76454923-6,AVATTAR CONSULTORA SPA,96805970-K,EVERTEC CHILE SPA,Viviana San Martín,-,99,107810,10673228,36414,0.13,27750,0,5272,60,2.00,426929,10176862,0,0,10176862,7/13/2026,7/13/2026,8/25/2026,6/26/2026,0,10781038,0,10781038,0,0,Sin comentarios,,30600,-,-,Sin gestión,Factura con + de 8 dias.,Factoring,0.03,1.97
21,11,2232,Al día,0,0,10781038,10781038,0,,No Abonado,Pendiente,Al dia,-26,0,No abonado,Si,2026-07,2026-07,76454923-6,AVATTAR CONSULTORA SPA,96805970-K,EVERTEC CHILE SPA,Viviana San Martín,-,99,107810,10673228,36414,0.13,27750,0,5272,60,2.00,426929,10176862,0,0,10176862,7/13/2026,7/13/2026,8/25/2026,6/26/2026,0,10781038,0,10781038,0,0,Sin comentarios,,30600,-,-,Sin gestión,Factura con + de 8 dias.,Factoring,0.03,1.97
20,26,500,Al día,0,0,2797988,2797988,0,,No Abonado,Pendiente,Al dia,-7,0,No abonado,Si,2026-07,2026-06,76278822-5,CONSTRUCCIONES ACUNA Y COMPANIA LIMITADA,89853600-9,CONSTRUCTORA INGEVEC S.A.,Viviana San Martín,-,85,419698,2378290,892,1.30,28857,0,5483,28,2.20,48834,2294224,0,0,2294224,7/10/2026,7/10/2026,8/6/2026,7/9/2026,0,2797988,0,2797988,0,0,Sin comentarios,,750,-,-,Viva Reconocida - ELIMINADO,Factura con + de 8 dias.,Factoring,0.03,2.17
19,26,498,Al día,0,0,1883413,1883413,0,,No Abonado,Pendiente,Al dia,-7,0,No abonado,Si,2026-07,2026-06,76278822-5,CONSTRUCCIONES ACUNA Y COMPANIA LIMITADA,89853600-9,CONSTRUCTORA INGEVEC S.A.,Viviana San Martín,-,85,282512,1600901,893,1.30,19424,0,3691,28,2.20,32872,1544022,0,0,1544022,7/10/2026,7/10/2026,8/6/2026,7/9/2026,0,1883413,0,1883413,0,0,Sin comentarios,,750,-,-,Viva Reconocida - ELIMINADO,Factura con + de 8 dias.,Factoring,0.03,2.17
18,25,340,Al día,0,0,1778574,1778574,0,,No Abonado,Pendiente,Al dia,-39,0,No abonado,Si,2026-07,2026-07,77769338-7,OPTICA MONEDA ROTTER SPA,71265200-4,CORP MUNICIPAL DE LO PRADO,Viviana San Martín,-,99,17786,1760788,60988,0.70,24651,0,4684,60,2.00,70432,1600034,0,0,1600034,7/10/2026,7/10/2026,9/7/2026,7/9/2026,0,1778574,0,1778574,0,0,Sin comentarios,,51250,-,-,Deudor inubicable,Factura con + de 8 dias.,Factoring,0.03,1.97
16,22,35,Al día,0,0,806706,806706,0,,No Abonado,Pendiente,Al dia,-6,0,No abonado,Si,2026-07,2026-06,78093492-1,VICAT INVERSIÓN & DESARROLLO SPA,93737000-8,GTD MANQUEHUE S.A.,Viviana San Martín,-,100,0,806706,0,2.10,16941,0,3219,30,2.48,20006,766540,0,0,766540,7/6/2026,7/6/2026,8/5/2026,7/6/2026,0,806706,0,806706,0,0,Sin comentarios,,0,-,-,Volver a llamar,Factura con + de 8 dias.,Factoring,0.03,2.45
15,16,813,Al día,0,0,11164580,11164580,0,,No Abonado,Pendiente,Al dia,-4,0,No abonado,Si,2026-07,2026-07,76180516-9,CONSTRUCCIONES PROYECTSUR LIMITADA,77381500-3,RIA AUSTRAL S A,Viviana San Martín,-,100,0,11164580,49980,0.39,46445,0,8825,32,2.00,238178,10821153,0,0,10821153,7/2/2026,7/2/2026,8/3/2026,7/2/2026,0,11164580,0,11164580,0,0,Sin comentarios,,42000,-,-,Volver a llamar,Factura con + de 8 dias.,Factoring,0.03,1.97
14,14,3,Al día,3060000,3060000,3060000,3060000,100,7/15/2026,Abono Total,Pendiente,Al dia,0,0,No abonado,Si,2026-07,2026-07,78420573-8,TRANSPORTES GIA SPA,76249099-4,BESALCO ENERGIA RENOVABLE S.A.,Viviana San Martín,-,95,153000,2907000,11900,1.50,43605,0,8285,30,2.20,63954,2779256,0,0,2779256,7/1/2026,7/1/2026,7/30/2026,6/30/2026,0,3060000,3060000,0,0,0,Sin comentarios,7/15/2026,10000,-,-,Viva Reconocida - ELIMINADO,Factura con + de 8 dias.,Factoring,0.03,2.17
13,13,495,Al día,0,0,6918660,6918660,0,,No Abonado,Pendiente,Al dia,-4,0,No abonado,Si,2026-06,2026-06,76278822-5,CONSTRUCCIONES ACUNA Y COMPANIA LIMITADA,76832960-5,INMOBILIARIA Y CONSTRUCTORA TERRATEC LIMITADA,Viviana San Martín,-,100,0,6918660,0,0.87,68218,0,12961,34,2.00,156823,6680658,0,0,6680658,6/30/2026,,8/3/2026,6/30/2026,0,6918660,0,6918660,0,0,Sin comentarios,,0,-,-,Volver a llamar,Factura con + de 8 dias.,Factoring,0.03,1.97
12,12,2200,Al día,1065050,1065050,1065050,1065050,100,7/24/2026,Abono Total,Pendiente,Al dia,6,0,No abonado,Si,2026-06,2026-06,76320439-1,IMPORTADORA Y EXPORTADORA NIKS LTDA.,96893820-7,CORPESCA S A,Viviana San Martín,-,100,0,1065050,16660,0.00,0,0,0,28,1.80,17893,1030497,0,0,1030497,6/26/2026,6/26/2026,7/24/2026,6/26/2026,0,1065050,1065050,0,0,0,Sin comentarios,7/24/2026,14000,-,-,Factura con fecha de pago,Factura con + de 8 dias.,Factoring,0.03,1.77
11,9,1055,Al día,2814350,2814350,2814350,2814350,100,7/8/2026,Abono Total,Pendiente,Al dia,2,0,No abonado,Si,2026-06,2026-06,77793363-9,RED LAGOS SPA,61607700-7,SERVICIO SALUD DEL RELONCAVI,Viviana San Martín,-,95,140718,2673633,59500,0.00,0,0,0,34,2.00,60602,2553530,0,0,2553530,6/26/2026,,7/28/2026,6/24/2026,0,2814350,2814350,0,0,0,Sin comentarios,7/8/2026,50000,-,-,Viva Reconocida - ELIMINADO,Factura con + de 8 dias.,Factoring,0.03,1.97
10,8,33,Al día,0,0,1106645,1106645,0,,No Abonado,Pendiente,Mora,7,0,No abonado,Si,2026-06,2026-06,78093492-1,VICAT INVERSIÓN & DESARROLLO SPA,93737000-8,GTD MANQUEHUE S.A.,Viviana San Martín,-,100,0,1106645,39865,0.00,0,0,0,29,2.00,21395,1045385,0,0,1045385,6/24/2026,,7/23/2026,6/24/2026,0,1106645,0,1106645,0,0,Sin comentarios,,33500,-,-,Volver a llamar,Factura con + de 8 dias.,Factoring,0.03,1.97
9,7,2198,Al día,499800,499800,499800,499800,100,7/17/2026,Abono Total,Pendiente,Al dia,2,0,No abonado,Si,2026-06,2026-06,76320439-1,IMPORTADORA Y EXPORTADORA NIKS LTDA.,99567620-6,TERMINAL PUERTO ARICA S.A.,Viviana San Martín,-,100,0,499800,1982,1.70,9913,0,1883,35,2.00,11662,474360,0,0,474360,6/24/2026,6/24/2026,7/28/2026,6/23/2026,0,499800,499800,0,0,0,Sin comentarios,7/17/2026,1666,-,-,Viva Reconocida - ELIMINADO,Factura con + de 8 dias.,Factoring,0.03,1.97
8,7,2197,Al día,761600,761600,761600,761600,100,7/17/2026,Abono Total,Pendiente,Al dia,2,0,No abonado,Si,2026-06,2026-06,76320439-1,IMPORTADORA Y EXPORTADORA NIKS LTDA.,99567620-6,TERMINAL PUERTO ARICA S.A.,Viviana San Martín,-,100,0,761600,1984,1.70,15105,0,2870,35,2.00,17771,723870,0,0,723870,6/24/2026,6/24/2026,7/28/2026,6/23/2026,0,761600,761600,0,0,0,Sin comentarios,7/17/2026,1667,-,-,Viva Reconocida - ELIMINADO,Factura con + de 8 dias.,Factoring,0.03,1.97
7,7,2196,Al día,452200,452200,452200,452200,100,7/17/2026,Abono Total,Pendiente,Al dia,2,0,No abonado,Si,2026-06,2026-06,76320439-1,IMPORTADORA Y EXPORTADORA NIKS LTDA.,99567620-6,TERMINAL PUERTO ARICA S.A.,Viviana San Martín,-,100,0,452200,1984,1.70,8969,0,1704,35,2.00,10551,428992,0,0,428992,6/24/2026,6/24/2026,7/28/2026,6/23/2026,0,452200,452200,0,0,0,Sin comentarios,7/17/2026,1667,-,-,Viva Reconocida - ELIMINADO,Factura con + de 8 dias.,Factoring,0.03,1.97
3,4,491,Al día,4440604,4440604,4440604,4440604,100,7/10/2026,Abono Total,Pendiente,Al dia,11,0,No abonado,Si,2026-06,2026-06,76278822-5,CONSTRUCCIONES ACUNA Y COMPANIA LIMITADA,76832960-5,INMOBILIARIA Y CONSTRUCTORA TERRATEC LIMITADA,Viviana San Martín,-,100,0,4440604,0,0.92,43577,0,8280,32,2.00,94733,4294014,0,0,4294014,6/18/2026,,7/19/2026,6/17/2026,0,4440604,4440604,0,0,0,Sin comentarios,7/10/2026,0,-,-,Viva Reconocida - ELIMINADO,Factura con + de 8 dias.,Factoring,0.03,1.97